{"fridge": 0, "unknown": 0.013153853055555557, "clothes iron": 0.08552807444444444, "TV": 0.019555543333333335, "clim2": 0, "clim1": 0, "motor": 0, "computer": 0, "washing machine": 0, "wet appliance": 0, "totale": 0.11823747083333333}